{
    "fold_histories": [
        {
            "train_loss": [
                3.8840909671783446,
                3.673044500350952,
                3.425162239074707,
                3.20851824760437,
                2.976889410018921,
                2.8296819972991942,
                2.655686798095703,
                2.548330698013306,
                2.4577082920074464,
                2.3428163862228395
            ],
            "val_loss": [
                3.869428887963295,
                3.6499084308743477,
                3.3963626995682716,
                3.3977196365594864,
                3.003345988690853,
                2.841672219336033,
                2.867814928293228,
                2.6444783098995686,
                2.597030431032181,
                2.6752021983265877
            ],
            "test_loss": [
                3.8617419515337263,
                3.6727985995156422,
                3.405545745577131,
                3.438856703894479,
                3.0598583902631487,
                2.8897873674120222,
                2.960597106388637,
                2.6958560943603516,
                2.6419226782662526,
                2.7923169136047363
            ],
            "val_accuracy": [
                1.9,
                5.6,
                9.7,
                9.9,
                21.0,
                24.2,
                22.4,
                27.2,
                27.7,
                27.4
            ],
            "test_accuracy": [
                1.5,
                8.0,
                11.0,
                13.0,
                19.5,
                22.0,
                18.5,
                26.0,
                25.5,
                24.0
            ],
            "learning_rate": [
                0.001,
                0.001,
                0.001,
                0.001,
                0.001,
                0.001,
                0.001,
                0.001,
                0.001,
                0.001
            ]
        },
        {
            "train_loss": [
                3.8752156829833986,
                3.6437826633453367,
                3.3882266807556154,
                3.221838827133179,
                3.0380726146697996,
                2.915875940322876,
                2.764178581237793,
                2.617656602859497,
                2.531849670410156,
                2.432183198928833
            ],
            "val_loss": [
                3.8297399654984474,
                3.56794024258852,
                3.35611754655838,
                3.1363904401659966,
                3.018611751496792,
                2.8418440744280815,
                2.9840471521019936,
                2.7486498281359673,
                2.578428827226162,
                2.437355749309063
            ],
            "test_loss": [
                3.8209263937813893,
                3.593338659831456,
                3.392319440841675,
                3.1627728939056396,
                3.0484443732670377,
                2.8335254873548235,
                2.992283991404942,
                2.713639497756958,
                2.538930688585554,
                2.446217281477792
            ],
            "val_accuracy": [
                6.2,
                7.7,
                11.8,
                14.1,
                16.1,
                22.8,
                16.2,
                24.0,
                26.6,
                31.8
            ],
            "test_accuracy": [
                7.0,
                9.5,
                13.5,
                15.5,
                19.0,
                29.0,
                14.5,
                24.5,
                29.5,
                31.5
            ],
            "learning_rate": [
                0.001,
                0.001,
                0.001,
                0.001,
                0.001,
                0.001,
                0.001,
                0.001,
                0.001,
                0.001
            ]
        }
    ],
    "final_val_accuracies": [
        27.4,
        31.8
    ],
    "final_test_accuracies": [
        24.0,
        31.5
    ],
    "final_val_losses": [
        2.6752021983265877,
        2.437355749309063
    ],
    "final_test_losses": [
        2.7923169136047363,
        2.446217281477792
    ]
}