{
    "average_metrics": {
        "accuracy": 0.5895,
        "precision": 0.6747109525008431,
        "recall": 0.5895,
        "f1": 0.5813278257834742
    },
    "average_class_metrics": {
        "Dog": {
            "precision": 0.8333333333333333,
            "recall": 0.8316666666666667,
            "f1": 0.8161231956897591,
            "support": 8.0
        },
        "Rooster": {
            "precision": 0.7356442577030812,
            "recall": 0.8620490620490621,
            "f1": 0.7847058823529413,
            "support": 8.0
        },
        "Pig": {
            "precision": 0.5152777777777777,
            "recall": 0.679978354978355,
            "f1": 0.5328116710875331,
            "support": 8.0
        },
        "Cow": {
            "precision": 0.6406060606060605,
            "recall": 0.684981684981685,
            "f1": 0.6056998556998557,
            "support": 8.0
        },
        "Frog": {
            "precision": 0.7587662337662338,
            "recall": 0.8216450216450217,
            "f1": 0.7583333333333332,
            "support": 8.0
        },
        "Cat": {
            "precision": 0.4504329004329004,
            "recall": 0.6805555555555556,
            "f1": 0.527170868347339,
            "support": 8.0
        },
        "Hen": {
            "precision": 0.8357142857142857,
            "recall": 0.40166666666666667,
            "f1": 0.4970976082740789,
            "support": 8.0
        },
        "Insect": {
            "precision": 0.7190476190476189,
            "recall": 0.5321212121212121,
            "f1": 0.5932046783625731,
            "support": 8.0
        },
        "Sheep": {
            "precision": 0.543939393939394,
            "recall": 0.6212698412698412,
            "f1": 0.5298896802122608,
            "support": 8.0
        },
        "Crow": {
            "precision": 0.6976190476190476,
            "recall": 0.5527777777777777,
            "f1": 0.5322100122100122,
            "support": 8.0
        },
        "Rain": {
            "precision": 0.7471794871794872,
            "recall": 0.7811038961038961,
            "f1": 0.7326340326340326,
            "support": 8.0
        },
        "Sea waves": {
            "precision": 0.7755555555555554,
            "recall": 0.8788888888888888,
            "f1": 0.8185185185185185,
            "support": 8.0
        },
        "Crackling fire": {
            "precision": 0.6228571428571428,
            "recall": 0.7888888888888889,
            "f1": 0.6311249137336093,
            "support": 8.0
        },
        "Crickets": {
            "precision": 0.7720634920634921,
            "recall": 0.8720879120879121,
            "f1": 0.8130364372469636,
            "support": 8.0
        },
        "Chirping birds": {
            "precision": 0.7033333333333334,
            "recall": 0.6814285714285715,
            "f1": 0.6505050505050505,
            "support": 8.0
        },
        "Water drops": {
            "precision": 0.6223076923076923,
            "recall": 0.5507142857142857,
            "f1": 0.5456843156843156,
            "support": 8.0
        },
        "Wind": {
            "precision": 0.6892857142857143,
            "recall": 0.5083333333333333,
            "f1": 0.5514102564102563,
            "support": 8.0
        },
        "Pouring water": {
            "precision": 0.6064646464646464,
            "recall": 0.8536507936507937,
            "f1": 0.7021618903971845,
            "support": 8.0
        },
        "Toilet flush": {
            "precision": 0.7857142857142858,
            "recall": 0.6344505494505495,
            "f1": 0.6874325674325674,
            "support": 8.0
        },
        "Thunderstorm": {
            "precision": 0.6160866910866911,
            "recall": 0.7767032967032967,
            "f1": 0.6631544925662572,
            "support": 8.0
        },
        "Crying baby": {
            "precision": 0.6908119658119658,
            "recall": 0.8847619047619049,
            "f1": 0.7481990231990232,
            "support": 8.0
        },
        "Sneezing": {
            "precision": 0.6598901098901099,
            "recall": 0.7314285714285714,
            "f1": 0.6648058608058609,
            "support": 8.0
        },
        "Clapping": {
            "precision": 0.628921568627451,
            "recall": 0.5448773448773448,
            "f1": 0.5193025772181783,
            "support": 8.0
        },
        "Breathing": {
            "precision": 0.41742424242424236,
            "recall": 0.2754761904761905,
            "f1": 0.30666666666666664,
            "support": 8.0
        },
        "Coughing": {
            "precision": 0.4725925925925926,
            "recall": 0.5857875457875459,
            "f1": 0.47127748068924546,
            "support": 8.0
        },
        "Footsteps": {
            "precision": 0.5330952380952381,
            "recall": 0.4338888888888889,
            "f1": 0.43651446592623067,
            "support": 8.0
        },
        "Laughing": {
            "precision": 0.519047619047619,
            "recall": 0.35454545454545455,
            "f1": 0.2944522144522145,
            "support": 8.0
        },
        "Brushing teeth": {
            "precision": 0.8466666666666667,
            "recall": 0.6409523809523809,
            "f1": 0.7151515151515151,
            "support": 8.0
        },
        "Snoring": {
            "precision": 0.732034632034632,
            "recall": 0.8603174603174603,
            "f1": 0.7828571428571428,
            "support": 8.0
        },
        "Drinking": {
            "precision": 0.48571428571428577,
            "recall": 0.26865079365079364,
            "f1": 0.2633766233766234,
            "support": 8.0
        },
        "Door knock": {
            "precision": 0.763968253968254,
            "recall": 0.8387878787878789,
            "f1": 0.7934228734228734,
            "support": 8.0
        },
        "Mouse click": {
            "precision": 0.5595959595959595,
            "recall": 0.6883838383838384,
            "f1": 0.5933366750208855,
            "support": 8.0
        },
        "Keyboard typing": {
            "precision": 0.5617857142857142,
            "recall": 0.6654761904761904,
            "f1": 0.5572874493927126,
            "support": 8.0
        },
        "Door creak": {
            "precision": 0.7999999999999999,
            "recall": 0.2769119769119769,
            "f1": 0.39333333333333337,
            "support": 8.0
        },
        "Can opening": {
            "precision": 0.9380952380952381,
            "recall": 0.4552564102564102,
            "f1": 0.600285782329126,
            "support": 8.0
        },
        "Washing machine": {
            "precision": 0.5656565656565655,
            "recall": 0.30749639249639243,
            "f1": 0.37072810230704967,
            "support": 8.0
        },
        "Vacuum cleaner": {
            "precision": 0.925,
            "recall": 0.4070995670995671,
            "f1": 0.5408187134502924,
            "support": 8.0
        },
        "Clock alarm": {
            "precision": 0.8684848484848485,
            "recall": 0.6583333333333333,
            "f1": 0.7453016548668723,
            "support": 8.0
        },
        "Clock tick": {
            "precision": 0.8424242424242424,
            "recall": 0.6342424242424243,
            "f1": 0.7033792815371763,
            "support": 8.0
        },
        "Glass breaking": {
            "precision": 0.7343009931245226,
            "recall": 0.8430555555555556,
            "f1": 0.7372745753819923,
            "support": 8.0
        },
        "Helicopter": {
            "precision": 0.30523809523809525,
            "recall": 0.32936507936507936,
            "f1": 0.30576923076923074,
            "support": 8.0
        },
        "Chainsaw": {
            "precision": 0.653087044534413,
            "recall": 0.5580357142857143,
            "f1": 0.47560903149138445,
            "support": 10.0
        },